,epoch,train_loss,val_loss
0,1,7814.131954193115,0.0
1,2,6505.270493030548,0.0
